<?xml version="1.0" encoding="utf-8"?>
<merger version="3"><dataSet aapt-namespace="http://schemas.android.com/apk/res-auto" config="main$Generated" generated="true" ignore_pattern="!.svn:!.git:!.ds_store:!*.scc:.*:&lt;dir>_*:!CVS:!thumbs.db:!picasa.ini:!*~"><source path="C:\Users\Public\MyApplication22\app\src\main\res"/></dataSet><dataSet aapt-namespace="http://schemas.android.com/apk/res-auto" config="main" generated-set="main$Generated" ignore_pattern="!.svn:!.git:!.ds_store:!*.scc:.*:&lt;dir>_*:!CVS:!thumbs.db:!picasa.ini:!*~"><source path="C:\Users\Public\MyApplication22\app\src\main\res"><file name="ic_launcher_background" path="C:\Users\Public\MyApplication22\app\src\main\res\drawable\ic_launcher_background.xml" qualifiers="" type="drawable"/><file name="ic_menu_camera" path="C:\Users\Public\MyApplication22\app\src\main\res\drawable\ic_menu_camera.xml" qualifiers="" type="drawable"/><file name="ic_menu_gallery" path="C:\Users\Public\MyApplication22\app\src\main\res\drawable\ic_menu_gallery.xml" qualifiers="" type="drawable"/><file name="ic_menu_slideshow" path="C:\Users\Public\MyApplication22\app\src\main\res\drawable\ic_menu_slideshow.xml" qualifiers="" type="drawable"/><file name="side_nav_bar" path="C:\Users\Public\MyApplication22\app\src\main\res\drawable\side_nav_bar.xml" qualifiers="" type="drawable"/><file name="ic_launcher_foreground" path="C:\Users\Public\MyApplication22\app\src\main\res\drawable-v24\ic_launcher_foreground.xml" qualifiers="v24" type="drawable"/><file name="activity_main" path="C:\Users\Public\MyApplication22\app\src\main\res\layout\activity_main.xml" qualifiers="" type="layout"/><file name="app_bar_main" path="C:\Users\Public\MyApplication22\app\src\main\res\layout\app_bar_main.xml" qualifiers="" type="layout"/><file name="content_main" path="C:\Users\Public\MyApplication22\app\src\main\res\layout\content_main.xml" qualifiers="" type="layout"/><file name="fragment_gallery" path="C:\Users\Public\MyApplication22\app\src\main\res\layout\fragment_gallery.xml" qualifiers="" type="layout"/><file name="fragment_home" path="C:\Users\Public\MyApplication22\app\src\main\res\layout\fragment_home.xml" qualifiers="" type="layout"/><file name="fragment_slideshow" path="C:\Users\Public\MyApplication22\app\src\main\res\layout\fragment_slideshow.xml" qualifiers="" type="layout"/><file name="nav_header_main" path="C:\Users\Public\MyApplication22\app\src\main\res\layout\nav_header_main.xml" qualifiers="" type="layout"/><file name="activity_main_drawer" path="C:\Users\Public\MyApplication22\app\src\main\res\menu\activity_main_drawer.xml" qualifiers="" type="menu"/><file name="main" path="C:\Users\Public\MyApplication22\app\src\main\res\menu\main.xml" qualifiers="" type="menu"/><file name="ic_launcher" path="C:\Users\Public\MyApplication22\app\src\main\res\mipmap-anydpi-v26\ic_launcher.xml" qualifiers="anydpi-v26" type="mipmap"/><file name="ic_launcher_round" path="C:\Users\Public\MyApplication22\app\src\main\res\mipmap-anydpi-v26\ic_launcher_round.xml" qualifiers="anydpi-v26" type="mipmap"/><file name="ic_launcher" path="C:\Users\Public\MyApplication22\app\src\main\res\mipmap-hdpi\ic_launcher.webp" qualifiers="hdpi-v4" type="mipmap"/><file name="ic_launcher_round" path="C:\Users\Public\MyApplication22\app\src\main\res\mipmap-hdpi\ic_launcher_round.webp" qualifiers="hdpi-v4" type="mipmap"/><file name="ic_launcher" path="C:\Users\Public\MyApplication22\app\src\main\res\mipmap-mdpi\ic_launcher.webp" qualifiers="mdpi-v4" type="mipmap"/><file name="ic_launcher_round" path="C:\Users\Public\MyApplication22\app\src\main\res\mipmap-mdpi\ic_launcher_round.webp" qualifiers="mdpi-v4" type="mipmap"/><file name="ic_launcher" path="C:\Users\Public\MyApplication22\app\src\main\res\mipmap-xhdpi\ic_launcher.webp" qualifiers="xhdpi-v4" type="mipmap"/><file name="ic_launcher_round" path="C:\Users\Public\MyApplication22\app\src\main\res\mipmap-xhdpi\ic_launcher_round.webp" qualifiers="xhdpi-v4" type="mipmap"/><file name="ic_launcher" path="C:\Users\Public\MyApplication22\app\src\main\res\mipmap-xxhdpi\ic_launcher.webp" qualifiers="xxhdpi-v4" type="mipmap"/><file name="ic_launcher_round" path="C:\Users\Public\MyApplication22\app\src\main\res\mipmap-xxhdpi\ic_launcher_round.webp" qualifiers="xxhdpi-v4" type="mipmap"/><file name="ic_launcher" path="C:\Users\Public\MyApplication22\app\src\main\res\mipmap-xxxhdpi\ic_launcher.webp" qualifiers="xxxhdpi-v4" type="mipmap"/><file name="ic_launcher_round" path="C:\Users\Public\MyApplication22\app\src\main\res\mipmap-xxxhdpi\ic_launcher_round.webp" qualifiers="xxxhdpi-v4" type="mipmap"/><file name="mobile_navigation" path="C:\Users\Public\MyApplication22\app\src\main\res\navigation\mobile_navigation.xml" qualifiers="" type="navigation"/><file path="C:\Users\Public\MyApplication22\app\src\main\res\values\colors.xml" qualifiers=""><color name="purple_200">#FFBB86FC</color><color name="purple_500">#FF6200EE</color><color name="purple_700">#FF3700B3</color><color name="teal_200">#FF03DAC5</color><color name="teal_700">#FF018786</color><color name="black">#FF000000</color><color name="white">#FFFFFFFF</color></file><file path="C:\Users\Public\MyApplication22\app\src\main\res\values\dimens.xml" qualifiers=""><dimen name="activity_horizontal_margin">16dp</dimen><dimen name="activity_vertical_margin">16dp</dimen><dimen name="nav_header_vertical_spacing">8dp</dimen><dimen name="nav_header_height">176dp</dimen><dimen name="fab_margin">16dp</dimen></file><file path="C:\Users\Public\MyApplication22\app\src\main\res\values\strings.xml" qualifiers=""><string name="app_name">Boğazlıyan Mobil</string><string name="navigation_drawer_open">Open navigation drawer</string><string name="navigation_drawer_close">Close navigation drawer</string><string name="nav_header_title">Android Studio</string><string name="nav_header_subtitle">android.studio@android.com</string><string name="nav_header_desc">Navigation header</string><string name="action_settings">Settings</string><string name="menu_home">Anasayfa</string><string name="menu_gallery">Gallery</string><string name="menu_slideshow">Slideshow</string></file><file path="C:\Users\Public\MyApplication22\app\src\main\res\values\themes.xml" qualifiers=""><style name="Theme.MyApplication2" parent="Theme.MaterialComponents.DayNight.DarkActionBar">
        
        <item name="colorPrimary">@color/purple_500</item>
        <item name="colorPrimaryVariant">@color/purple_700</item>
        <item name="colorOnPrimary">@color/white</item>
        
        <item name="colorSecondary">@color/teal_200</item>
        <item name="colorSecondaryVariant">@color/teal_700</item>
        <item name="colorOnSecondary">@color/black</item>
        
        <item name="android:statusBarColor">?attr/colorPrimaryVariant</item>
        
    </style><style name="Theme.MyApplication2.NoActionBar">
        <item name="windowActionBar">false</item>
        <item name="windowNoTitle">true</item>
    </style><style name="Theme.MyApplication2.AppBarOverlay" parent="ThemeOverlay.AppCompat.Dark.ActionBar"/><style name="Theme.MyApplication2.PopupOverlay" parent="ThemeOverlay.AppCompat.Light"/></file><file path="C:\Users\Public\MyApplication22\app\src\main\res\values-land\dimens.xml" qualifiers="land"><dimen name="fab_margin">48dp</dimen></file><file path="C:\Users\Public\MyApplication22\app\src\main\res\values-night\themes.xml" qualifiers="night-v8"><style name="Theme.MyApplication2" parent="Theme.MaterialComponents.DayNight.DarkActionBar">
        
        <item name="colorPrimary">@color/purple_200</item>
        <item name="colorPrimaryVariant">@color/purple_700</item>
        <item name="colorOnPrimary">@color/black</item>
        
        <item name="colorSecondary">@color/teal_200</item>
        <item name="colorSecondaryVariant">@color/teal_200</item>
        <item name="colorOnSecondary">@color/black</item>
        
        <item name="android:statusBarColor">?attr/colorPrimaryVariant</item>
        
    </style></file><file path="C:\Users\Public\MyApplication22\app\src\main\res\values-w1240dp\dimens.xml" qualifiers="w1240dp-v13"><dimen name="fab_margin">200dp</dimen></file><file path="C:\Users\Public\MyApplication22\app\src\main\res\values-w600dp\dimens.xml" qualifiers="w600dp-v13"><dimen name="fab_margin">48dp</dimen></file><file name="backup_rules" path="C:\Users\Public\MyApplication22\app\src\main\res\xml\backup_rules.xml" qualifiers="" type="xml"/><file name="data_extraction_rules" path="C:\Users\Public\MyApplication22\app\src\main\res\xml\data_extraction_rules.xml" qualifiers="" type="xml"/><file name="hakkinda_bgz_1" path="C:\Users\Public\MyApplication22\app\src\main\res\drawable\hakkinda_bgz_1.xml" qualifiers="" type="drawable"/><file name="hakkinda_bgz_2" path="C:\Users\Public\MyApplication22\app\src\main\res\drawable\hakkinda_bgz_2.xml" qualifiers="" type="drawable"/><file name="hakkinda_bgz_3" path="C:\Users\Public\MyApplication22\app\src\main\res\drawable\hakkinda_bgz_3.xml" qualifiers="" type="drawable"/><file name="hakkinda_bgz_4" path="C:\Users\Public\MyApplication22\app\src\main\res\drawable\hakkinda_bgz_4.xml" qualifiers="" type="drawable"/><file name="hakkinda_bgz_5" path="C:\Users\Public\MyApplication22\app\src\main\res\drawable\hakkinda_bgz_5.xml" qualifiers="" type="drawable"/><file name="home_1" path="C:\Users\Public\MyApplication22\app\src\main\res\drawable\home_1.xml" qualifiers="" type="drawable"/><file name="home_2" path="C:\Users\Public\MyApplication22\app\src\main\res\drawable\home_2.xml" qualifiers="" type="drawable"/><file name="home_3" path="C:\Users\Public\MyApplication22\app\src\main\res\drawable\home_3.xml" qualifiers="" type="drawable"/><file name="home_4" path="C:\Users\Public\MyApplication22\app\src\main\res\drawable\home_4.xml" qualifiers="" type="drawable"/><file name="home_5" path="C:\Users\Public\MyApplication22\app\src\main\res\drawable\home_5.xml" qualifiers="" type="drawable"/><file name="home_6" path="C:\Users\Public\MyApplication22\app\src\main\res\drawable\home_6.xml" qualifiers="" type="drawable"/><file name="home_7" path="C:\Users\Public\MyApplication22\app\src\main\res\drawable\home_7.xml" qualifiers="" type="drawable"/><file name="home_8" path="C:\Users\Public\MyApplication22\app\src\main\res\drawable\home_8.xml" qualifiers="" type="drawable"/><file name="activity_main2" path="C:\Users\Public\MyApplication22\app\src\main\res\layout\activity_main2.xml" qualifiers="" type="layout"/><file name="nav_menu_1" path="C:\Users\Public\MyApplication22\app\src\main\res\drawable\nav_menu_1.xml" qualifiers="" type="drawable"/><file name="nav_menu_2" path="C:\Users\Public\MyApplication22\app\src\main\res\drawable\nav_menu_2.xml" qualifiers="" type="drawable"/><file name="nav_menu_3" path="C:\Users\Public\MyApplication22\app\src\main\res\drawable\nav_menu_3.xml" qualifiers="" type="drawable"/><file name="nav_menu_4" path="C:\Users\Public\MyApplication22\app\src\main\res\drawable\nav_menu_4.xml" qualifiers="" type="drawable"/><file name="nav_menu_5" path="C:\Users\Public\MyApplication22\app\src\main\res\drawable\nav_menu_5.xml" qualifiers="" type="drawable"/><file name="nav_menu_6" path="C:\Users\Public\MyApplication22\app\src\main\res\drawable\nav_menu_6.xml" qualifiers="" type="drawable"/><file name="nav_menu_7" path="C:\Users\Public\MyApplication22\app\src\main\res\drawable\nav_menu_7.xml" qualifiers="" type="drawable"/><file name="hakkinda_info_1" path="C:\Users\Public\MyApplication22\app\src\main\res\drawable\hakkinda_info_1.xml" qualifiers="" type="drawable"/><file name="hakkinda_info_2" path="C:\Users\Public\MyApplication22\app\src\main\res\drawable\hakkinda_info_2.xml" qualifiers="" type="drawable"/><file name="hakkinda_info_3" path="C:\Users\Public\MyApplication22\app\src\main\res\drawable\hakkinda_info_3.xml" qualifiers="" type="drawable"/><file name="hakkinda_info_4" path="C:\Users\Public\MyApplication22\app\src\main\res\drawable\hakkinda_info_4.xml" qualifiers="" type="drawable"/><file name="hakkinda_info_5" path="C:\Users\Public\MyApplication22\app\src\main\res\drawable\hakkinda_info_5.xml" qualifiers="" type="drawable"/><file name="activity_main3" path="C:\Users\Public\MyApplication22\app\src\main\res\layout\activity_main3.xml" qualifiers="" type="layout"/><file name="activity_main4" path="C:\Users\Public\MyApplication22\app\src\main\res\layout\activity_main4.xml" qualifiers="" type="layout"/><file name="activity_main5" path="C:\Users\Public\MyApplication22\app\src\main\res\layout\activity_main5.xml" qualifiers="" type="layout"/><file name="activity_main6" path="C:\Users\Public\MyApplication22\app\src\main\res\layout\activity_main6.xml" qualifiers="" type="layout"/><file name="activity_main7" path="C:\Users\Public\MyApplication22\app\src\main\res\layout\activity_main7.xml" qualifiers="" type="layout"/><file name="activity_main8" path="C:\Users\Public\MyApplication22\app\src\main\res\layout\activity_main8.xml" qualifiers="" type="layout"/><file name="activity_main9" path="C:\Users\Public\MyApplication22\app\src\main\res\layout\activity_main9.xml" qualifiers="" type="layout"/><file name="belde_info_1" path="C:\Users\Public\MyApplication22\app\src\main\res\drawable\belde_info_1.xml" qualifiers="" type="drawable"/><file name="belde_info_2" path="C:\Users\Public\MyApplication22\app\src\main\res\drawable\belde_info_2.xml" qualifiers="" type="drawable"/><file name="belde_info_3" path="C:\Users\Public\MyApplication22\app\src\main\res\drawable\belde_info_3.xml" qualifiers="" type="drawable"/><file name="belde_info_4" path="C:\Users\Public\MyApplication22\app\src\main\res\drawable\belde_info_4.xml" qualifiers="" type="drawable"/><file name="belde_info_5" path="C:\Users\Public\MyApplication22\app\src\main\res\drawable\belde_info_5.xml" qualifiers="" type="drawable"/><file name="activity_main10" path="C:\Users\Public\MyApplication22\app\src\main\res\layout\activity_main10.xml" qualifiers="" type="layout"/><file name="haakinda_info_1" path="C:\Users\Public\MyApplication22\app\src\main\res\drawable\haakinda_info_1.xml" qualifiers="" type="drawable"/><file name="haakinda_info_2" path="C:\Users\Public\MyApplication22\app\src\main\res\drawable\haakinda_info_2.xml" qualifiers="" type="drawable"/><file name="haakinda_info_3" path="C:\Users\Public\MyApplication22\app\src\main\res\drawable\haakinda_info_3.xml" qualifiers="" type="drawable"/><file name="haakinda_info_4" path="C:\Users\Public\MyApplication22\app\src\main\res\drawable\haakinda_info_4.xml" qualifiers="" type="drawable"/><file name="haakinda_info_5" path="C:\Users\Public\MyApplication22\app\src\main\res\drawable\haakinda_info_5.xml" qualifiers="" type="drawable"/><file name="activity_main11" path="C:\Users\Public\MyApplication22\app\src\main\res\layout\activity_main11.xml" qualifiers="" type="layout"/><file name="activity_main12" path="C:\Users\Public\MyApplication22\app\src\main\res\layout\activity_main12.xml" qualifiers="" type="layout"/><file name="activity_main13" path="C:\Users\Public\MyApplication22\app\src\main\res\layout\activity_main13.xml" qualifiers="" type="layout"/><file name="activity_main14" path="C:\Users\Public\MyApplication22\app\src\main\res\layout\activity_main14.xml" qualifiers="" type="layout"/><file name="activity_main15" path="C:\Users\Public\MyApplication22\app\src\main\res\layout\activity_main15.xml" qualifiers="" type="layout"/><file name="activity_main16" path="C:\Users\Public\MyApplication22\app\src\main\res\layout\activity_main16.xml" qualifiers="" type="layout"/><file name="activity_main17" path="C:\Users\Public\MyApplication22\app\src\main\res\layout\activity_main17.xml" qualifiers="" type="layout"/><file name="activity_main18" path="C:\Users\Public\MyApplication22\app\src\main\res\layout\activity_main18.xml" qualifiers="" type="layout"/><file name="activity_main19" path="C:\Users\Public\MyApplication22\app\src\main\res\layout\activity_main19.xml" qualifiers="" type="layout"/><file name="activity_main20" path="C:\Users\Public\MyApplication22\app\src\main\res\layout\activity_main20.xml" qualifiers="" type="layout"/><file name="activity_main21" path="C:\Users\Public\MyApplication22\app\src\main\res\layout\activity_main21.xml" qualifiers="" type="layout"/><file name="kurum_10" path="C:\Users\Public\MyApplication22\app\src\main\res\drawable\kurum_10.png" qualifiers="" type="drawable"/><file name="kurum__1_" path="C:\Users\Public\MyApplication22\app\src\main\res\drawable\kurum__1_.png" qualifiers="" type="drawable"/><file name="kurum__2_" path="C:\Users\Public\MyApplication22\app\src\main\res\drawable\kurum__2_.png" qualifiers="" type="drawable"/><file name="kurum__3_" path="C:\Users\Public\MyApplication22\app\src\main\res\drawable\kurum__3_.png" qualifiers="" type="drawable"/><file name="kurum__4_" path="C:\Users\Public\MyApplication22\app\src\main\res\drawable\kurum__4_.png" qualifiers="" type="drawable"/><file name="kurum__5_" path="C:\Users\Public\MyApplication22\app\src\main\res\drawable\kurum__5_.png" qualifiers="" type="drawable"/><file name="kurum__6_" path="C:\Users\Public\MyApplication22\app\src\main\res\drawable\kurum__6_.png" qualifiers="" type="drawable"/><file name="kurum__7_" path="C:\Users\Public\MyApplication22\app\src\main\res\drawable\kurum__7_.png" qualifiers="" type="drawable"/><file name="kurum__8_" path="C:\Users\Public\MyApplication22\app\src\main\res\drawable\kurum__8_.png" qualifiers="" type="drawable"/><file name="kurum__9_" path="C:\Users\Public\MyApplication22\app\src\main\res\drawable\kurum__9_.png" qualifiers="" type="drawable"/><file name="activity_main22" path="C:\Users\Public\MyApplication22\app\src\main\res\layout\activity_main22.xml" qualifiers="" type="layout"/><file name="gezilecek__10_" path="C:\Users\Public\MyApplication22\app\src\main\res\drawable\gezilecek__10_.xml" qualifiers="" type="drawable"/><file name="gezilecek__11_" path="C:\Users\Public\MyApplication22\app\src\main\res\drawable\gezilecek__11_.xml" qualifiers="" type="drawable"/><file name="gezilecek__12_" path="C:\Users\Public\MyApplication22\app\src\main\res\drawable\gezilecek__12_.xml" qualifiers="" type="drawable"/><file name="gezilecek__1_" path="C:\Users\Public\MyApplication22\app\src\main\res\drawable\gezilecek__1_.xml" qualifiers="" type="drawable"/><file name="gezilecek__2_" path="C:\Users\Public\MyApplication22\app\src\main\res\drawable\gezilecek__2_.xml" qualifiers="" type="drawable"/><file name="gezilecek__3_" path="C:\Users\Public\MyApplication22\app\src\main\res\drawable\gezilecek__3_.xml" qualifiers="" type="drawable"/><file name="gezilecek__4_" path="C:\Users\Public\MyApplication22\app\src\main\res\drawable\gezilecek__4_.xml" qualifiers="" type="drawable"/><file name="gezilecek__5_" path="C:\Users\Public\MyApplication22\app\src\main\res\drawable\gezilecek__5_.xml" qualifiers="" type="drawable"/><file name="gezilecek__6_" path="C:\Users\Public\MyApplication22\app\src\main\res\drawable\gezilecek__6_.xml" qualifiers="" type="drawable"/><file name="gezilecek__7_" path="C:\Users\Public\MyApplication22\app\src\main\res\drawable\gezilecek__7_.xml" qualifiers="" type="drawable"/><file name="gezilecek__8_" path="C:\Users\Public\MyApplication22\app\src\main\res\drawable\gezilecek__8_.xml" qualifiers="" type="drawable"/><file name="gezilecek__9_" path="C:\Users\Public\MyApplication22\app\src\main\res\drawable\gezilecek__9_.xml" qualifiers="" type="drawable"/><file name="activity_main23" path="C:\Users\Public\MyApplication22\app\src\main\res\layout\activity_main23.xml" qualifiers="" type="layout"/><file name="activity_main24" path="C:\Users\Public\MyApplication22\app\src\main\res\layout\activity_main24.xml" qualifiers="" type="layout"/><file name="gezilecek_13" path="C:\Users\Public\MyApplication22\app\src\main\res\drawable\gezilecek_13.xml" qualifiers="" type="drawable"/><file name="activity_main25" path="C:\Users\Public\MyApplication22\app\src\main\res\layout\activity_main25.xml" qualifiers="" type="layout"/><file name="activity_main26" path="C:\Users\Public\MyApplication22\app\src\main\res\layout\activity_main26.xml" qualifiers="" type="layout"/><file name="activity_main27" path="C:\Users\Public\MyApplication22\app\src\main\res\layout\activity_main27.xml" qualifiers="" type="layout"/><file name="activity_main28" path="C:\Users\Public\MyApplication22\app\src\main\res\layout\activity_main28.xml" qualifiers="" type="layout"/><file name="activity_main29" path="C:\Users\Public\MyApplication22\app\src\main\res\layout\activity_main29.xml" qualifiers="" type="layout"/><file name="activity_main30" path="C:\Users\Public\MyApplication22\app\src\main\res\layout\activity_main30.xml" qualifiers="" type="layout"/><file name="activity_main31" path="C:\Users\Public\MyApplication22\app\src\main\res\layout\activity_main31.xml" qualifiers="" type="layout"/><file name="activity_main32" path="C:\Users\Public\MyApplication22\app\src\main\res\layout\activity_main32.xml" qualifiers="" type="layout"/><file name="activity_main33" path="C:\Users\Public\MyApplication22\app\src\main\res\layout\activity_main33.xml" qualifiers="" type="layout"/><file name="activity_main34" path="C:\Users\Public\MyApplication22\app\src\main\res\layout\activity_main34.xml" qualifiers="" type="layout"/><file name="activity_main35" path="C:\Users\Public\MyApplication22\app\src\main\res\layout\activity_main35.xml" qualifiers="" type="layout"/><file name="activity_main36" path="C:\Users\Public\MyApplication22\app\src\main\res\layout\activity_main36.xml" qualifiers="" type="layout"/><file name="kulturel__1_" path="C:\Users\Public\MyApplication22\app\src\main\res\drawable\kulturel__1_.xml" qualifiers="" type="drawable"/><file name="kulturel__2_" path="C:\Users\Public\MyApplication22\app\src\main\res\drawable\kulturel__2_.xml" qualifiers="" type="drawable"/><file name="kulturel__3_" path="C:\Users\Public\MyApplication22\app\src\main\res\drawable\kulturel__3_.xml" qualifiers="" type="drawable"/><file name="kulturel__4_" path="C:\Users\Public\MyApplication22\app\src\main\res\drawable\kulturel__4_.xml" qualifiers="" type="drawable"/><file name="activity_main37" path="C:\Users\Public\MyApplication22\app\src\main\res\layout\activity_main37.xml" qualifiers="" type="layout"/><file name="activity_main38" path="C:\Users\Public\MyApplication22\app\src\main\res\layout\activity_main38.xml" qualifiers="" type="layout"/><file name="activity_main39" path="C:\Users\Public\MyApplication22\app\src\main\res\layout\activity_main39.xml" qualifiers="" type="layout"/><file name="activity_main40" path="C:\Users\Public\MyApplication22\app\src\main\res\layout\activity_main40.xml" qualifiers="" type="layout"/><file name="activity_main41" path="C:\Users\Public\MyApplication22\app\src\main\res\layout\activity_main41.xml" qualifiers="" type="layout"/><file name="yemek__1_" path="C:\Users\Public\MyApplication22\app\src\main\res\drawable\yemek__1_.png" qualifiers="" type="drawable"/><file name="yemek__2_" path="C:\Users\Public\MyApplication22\app\src\main\res\drawable\yemek__2_.png" qualifiers="" type="drawable"/><file name="yemek__3_" path="C:\Users\Public\MyApplication22\app\src\main\res\drawable\yemek__3_.png" qualifiers="" type="drawable"/><file name="activity_main42" path="C:\Users\Public\MyApplication22\app\src\main\res\layout\activity_main42.xml" qualifiers="" type="layout"/><file name="activity_main43" path="C:\Users\Public\MyApplication22\app\src\main\res\layout\activity_main43.xml" qualifiers="" type="layout"/><file name="activity_main44" path="C:\Users\Public\MyApplication22\app\src\main\res\layout\activity_main44.xml" qualifiers="" type="layout"/><file name="activity_main45" path="C:\Users\Public\MyApplication22\app\src\main\res\layout\activity_main45.xml" qualifiers="" type="layout"/><file name="home_10" path="C:\Users\Public\MyApplication22\app\src\main\res\drawable\home_10.xml" qualifiers="" type="drawable"/><file name="home_11" path="C:\Users\Public\MyApplication22\app\src\main\res\drawable\home_11.xml" qualifiers="" type="drawable"/><file name="home_12" path="C:\Users\Public\MyApplication22\app\src\main\res\drawable\home_12.xml" qualifiers="" type="drawable"/><file name="home_13" path="C:\Users\Public\MyApplication22\app\src\main\res\drawable\home_13.xml" qualifiers="" type="drawable"/><file name="home_14" path="C:\Users\Public\MyApplication22\app\src\main\res\drawable\home_14.xml" qualifiers="" type="drawable"/><file name="home_15" path="C:\Users\Public\MyApplication22\app\src\main\res\drawable\home_15.xml" qualifiers="" type="drawable"/><file name="home_16" path="C:\Users\Public\MyApplication22\app\src\main\res\drawable\home_16.xml" qualifiers="" type="drawable"/><file name="home_17" path="C:\Users\Public\MyApplication22\app\src\main\res\drawable\home_17.xml" qualifiers="" type="drawable"/><file name="activity_main46" path="C:\Users\Public\MyApplication22\app\src\main\res\layout\activity_main46.xml" qualifiers="" type="layout"/><file name="activity_main47" path="C:\Users\Public\MyApplication22\app\src\main\res\layout\activity_main47.xml" qualifiers="" type="layout"/><file name="activity_main48" path="C:\Users\Public\MyApplication22\app\src\main\res\layout\activity_main48.xml" qualifiers="" type="layout"/><file name="activity_main49" path="C:\Users\Public\MyApplication22\app\src\main\res\layout\activity_main49.xml" qualifiers="" type="layout"/><file name="activity_main50" path="C:\Users\Public\MyApplication22\app\src\main\res\layout\activity_main50.xml" qualifiers="" type="layout"/><file name="activity_main51" path="C:\Users\Public\MyApplication22\app\src\main\res\layout\activity_main51.xml" qualifiers="" type="layout"/><file name="activity_main52" path="C:\Users\Public\MyApplication22\app\src\main\res\layout\activity_main52.xml" qualifiers="" type="layout"/><file name="activity_main53" path="C:\Users\Public\MyApplication22\app\src\main\res\layout\activity_main53.xml" qualifiers="" type="layout"/><file name="activity_main54" path="C:\Users\Public\MyApplication22\app\src\main\res\layout\activity_main54.xml" qualifiers="" type="layout"/><file name="activity_main55" path="C:\Users\Public\MyApplication22\app\src\main\res\layout\activity_main55.xml" qualifiers="" type="layout"/><file name="nav_header_yeni" path="C:\Users\Public\MyApplication22\app\src\main\res\drawable\nav_header_yeni.xml" qualifiers="" type="drawable"/><file name="nav_header_yeni__1_" path="C:\Users\Public\MyApplication22\app\src\main\res\drawable\nav_header_yeni__1_.xml" qualifiers="" type="drawable"/><file name="logo_icon" path="C:\Users\Public\MyApplication22\app\src\main\res\drawable\logo_icon.xml" qualifiers="" type="drawable"/><file name="home_ecz" path="C:\Users\Public\MyApplication22\app\src\main\res\drawable\home_ecz.xml" qualifiers="" type="drawable"/><file name="activity_main56" path="C:\Users\Public\MyApplication22\app\src\main\res\layout\activity_main56.xml" qualifiers="" type="layout"/><file name="fragment_home" path="C:\Users\Public\MyApplication22\app\src\main\res\layout-land\fragment_home.xml" qualifiers="land" type="layout"/><file name="fragment_home" path="C:\Users\Public\MyApplication22\app\src\main\res\layout-sw600dp\fragment_home.xml" qualifiers="sw600dp-v13" type="layout"/><file name="activity_main2" path="C:\Users\Public\MyApplication22\app\src\main\res\layout-land\activity_main2.xml" qualifiers="land" type="layout"/><file name="activity_main3" path="C:\Users\Public\MyApplication22\app\src\main\res\layout-land\activity_main3.xml" qualifiers="land" type="layout"/><file name="activity_main4" path="C:\Users\Public\MyApplication22\app\src\main\res\layout-land\activity_main4.xml" qualifiers="land" type="layout"/><file name="activity_main5" path="C:\Users\Public\MyApplication22\app\src\main\res\layout-land\activity_main5.xml" qualifiers="land" type="layout"/><file name="activity_main6" path="C:\Users\Public\MyApplication22\app\src\main\res\layout-land\activity_main6.xml" qualifiers="land" type="layout"/><file name="activity_main7" path="C:\Users\Public\MyApplication22\app\src\main\res\layout-land\activity_main7.xml" qualifiers="land" type="layout"/><file name="activity_main10" path="C:\Users\Public\MyApplication22\app\src\main\res\layout-land\activity_main10.xml" qualifiers="land" type="layout"/><file name="activity_main11" path="C:\Users\Public\MyApplication22\app\src\main\res\layout-land\activity_main11.xml" qualifiers="land" type="layout"/><file name="activity_main12" path="C:\Users\Public\MyApplication22\app\src\main\res\layout-land\activity_main12.xml" qualifiers="land" type="layout"/><file name="activity_main13" path="C:\Users\Public\MyApplication22\app\src\main\res\layout-land\activity_main13.xml" qualifiers="land" type="layout"/><file name="activity_main14" path="C:\Users\Public\MyApplication22\app\src\main\res\layout-land\activity_main14.xml" qualifiers="land" type="layout"/><file name="activity_main15" path="C:\Users\Public\MyApplication22\app\src\main\res\layout-land\activity_main15.xml" qualifiers="land" type="layout"/><file name="activity_main16" path="C:\Users\Public\MyApplication22\app\src\main\res\layout-land\activity_main16.xml" qualifiers="land" type="layout"/><file name="activity_main17" path="C:\Users\Public\MyApplication22\app\src\main\res\layout-land\activity_main17.xml" qualifiers="land" type="layout"/><file name="activity_main18" path="C:\Users\Public\MyApplication22\app\src\main\res\layout-land\activity_main18.xml" qualifiers="land" type="layout"/><file name="activity_main19" path="C:\Users\Public\MyApplication22\app\src\main\res\layout-land\activity_main19.xml" qualifiers="land" type="layout"/><file name="activity_main20" path="C:\Users\Public\MyApplication22\app\src\main\res\layout-land\activity_main20.xml" qualifiers="land" type="layout"/><file name="activity_main21" path="C:\Users\Public\MyApplication22\app\src\main\res\layout-land\activity_main21.xml" qualifiers="land" type="layout"/><file name="activity_main22" path="C:\Users\Public\MyApplication22\app\src\main\res\layout-land\activity_main22.xml" qualifiers="land" type="layout"/><file name="activity_main23" path="C:\Users\Public\MyApplication22\app\src\main\res\layout-land\activity_main23.xml" qualifiers="land" type="layout"/><file name="activity_main24" path="C:\Users\Public\MyApplication22\app\src\main\res\layout-land\activity_main24.xml" qualifiers="land" type="layout"/><file name="activity_main25" path="C:\Users\Public\MyApplication22\app\src\main\res\layout-land\activity_main25.xml" qualifiers="land" type="layout"/><file name="activity_main26" path="C:\Users\Public\MyApplication22\app\src\main\res\layout-land\activity_main26.xml" qualifiers="land" type="layout"/><file name="activity_main27" path="C:\Users\Public\MyApplication22\app\src\main\res\layout-land\activity_main27.xml" qualifiers="land" type="layout"/><file name="activity_main28" path="C:\Users\Public\MyApplication22\app\src\main\res\layout-land\activity_main28.xml" qualifiers="land" type="layout"/><file name="activity_main29" path="C:\Users\Public\MyApplication22\app\src\main\res\layout-land\activity_main29.xml" qualifiers="land" type="layout"/><file name="activity_main30" path="C:\Users\Public\MyApplication22\app\src\main\res\layout-land\activity_main30.xml" qualifiers="land" type="layout"/><file name="activity_main31" path="C:\Users\Public\MyApplication22\app\src\main\res\layout-land\activity_main31.xml" qualifiers="land" type="layout"/><file name="activity_main32" path="C:\Users\Public\MyApplication22\app\src\main\res\layout-land\activity_main32.xml" qualifiers="land" type="layout"/><file name="activity_main33" path="C:\Users\Public\MyApplication22\app\src\main\res\layout-land\activity_main33.xml" qualifiers="land" type="layout"/><file name="activity_main34" path="C:\Users\Public\MyApplication22\app\src\main\res\layout-land\activity_main34.xml" qualifiers="land" type="layout"/><file name="activity_main35" path="C:\Users\Public\MyApplication22\app\src\main\res\layout-land\activity_main35.xml" qualifiers="land" type="layout"/><file name="activity_main36" path="C:\Users\Public\MyApplication22\app\src\main\res\layout-land\activity_main36.xml" qualifiers="land" type="layout"/><file name="activity_main37" path="C:\Users\Public\MyApplication22\app\src\main\res\layout-land\activity_main37.xml" qualifiers="land" type="layout"/><file name="activity_main38" path="C:\Users\Public\MyApplication22\app\src\main\res\layout-land\activity_main38.xml" qualifiers="land" type="layout"/><file name="activity_main39" path="C:\Users\Public\MyApplication22\app\src\main\res\layout-land\activity_main39.xml" qualifiers="land" type="layout"/><file name="activity_main40" path="C:\Users\Public\MyApplication22\app\src\main\res\layout-land\activity_main40.xml" qualifiers="land" type="layout"/><file name="activity_main41" path="C:\Users\Public\MyApplication22\app\src\main\res\layout-land\activity_main41.xml" qualifiers="land" type="layout"/><file name="activity_main42" path="C:\Users\Public\MyApplication22\app\src\main\res\layout-land\activity_main42.xml" qualifiers="land" type="layout"/><file name="activity_main43" path="C:\Users\Public\MyApplication22\app\src\main\res\layout-land\activity_main43.xml" qualifiers="land" type="layout"/><file name="activity_main44" path="C:\Users\Public\MyApplication22\app\src\main\res\layout-land\activity_main44.xml" qualifiers="land" type="layout"/><file name="activity_main45" path="C:\Users\Public\MyApplication22\app\src\main\res\layout-land\activity_main45.xml" qualifiers="land" type="layout"/><file name="activity_main46" path="C:\Users\Public\MyApplication22\app\src\main\res\layout-land\activity_main46.xml" qualifiers="land" type="layout"/><file name="activity_main47" path="C:\Users\Public\MyApplication22\app\src\main\res\layout-land\activity_main47.xml" qualifiers="land" type="layout"/><file name="activity_main48" path="C:\Users\Public\MyApplication22\app\src\main\res\layout-land\activity_main48.xml" qualifiers="land" type="layout"/><file name="activity_main49" path="C:\Users\Public\MyApplication22\app\src\main\res\layout-land\activity_main49.xml" qualifiers="land" type="layout"/><file name="activity_main50" path="C:\Users\Public\MyApplication22\app\src\main\res\layout-land\activity_main50.xml" qualifiers="land" type="layout"/><file name="activity_main51" path="C:\Users\Public\MyApplication22\app\src\main\res\layout-land\activity_main51.xml" qualifiers="land" type="layout"/><file name="activity_main52" path="C:\Users\Public\MyApplication22\app\src\main\res\layout-land\activity_main52.xml" qualifiers="land" type="layout"/><file name="activity_main53" path="C:\Users\Public\MyApplication22\app\src\main\res\layout-land\activity_main53.xml" qualifiers="land" type="layout"/><file name="activity_main54" path="C:\Users\Public\MyApplication22\app\src\main\res\layout-land\activity_main54.xml" qualifiers="land" type="layout"/><file name="activity_main55" path="C:\Users\Public\MyApplication22\app\src\main\res\layout-land\activity_main55.xml" qualifiers="land" type="layout"/><file name="activity_main56" path="C:\Users\Public\MyApplication22\app\src\main\res\layout-land\activity_main56.xml" qualifiers="land" type="layout"/><file name="activity_main8" path="C:\Users\Public\MyApplication22\app\src\main\res\layout-land\activity_main8.xml" qualifiers="land" type="layout"/><file name="activity_main9" path="C:\Users\Public\MyApplication22\app\src\main\res\layout-land\activity_main9.xml" qualifiers="land" type="layout"/></source></dataSet><dataSet aapt-namespace="http://schemas.android.com/apk/res-auto" config="debug$Generated" generated="true" ignore_pattern="!.svn:!.git:!.ds_store:!*.scc:.*:&lt;dir>_*:!CVS:!thumbs.db:!picasa.ini:!*~"><source path="C:\Users\Public\MyApplication22\app\src\debug\res"/></dataSet><dataSet aapt-namespace="http://schemas.android.com/apk/res-auto" config="debug" generated-set="debug$Generated" ignore_pattern="!.svn:!.git:!.ds_store:!*.scc:.*:&lt;dir>_*:!CVS:!thumbs.db:!picasa.ini:!*~"><source path="C:\Users\Public\MyApplication22\app\src\debug\res"/></dataSet><dataSet aapt-namespace="http://schemas.android.com/apk/res-auto" config="generated$Generated" generated="true" ignore_pattern="!.svn:!.git:!.ds_store:!*.scc:.*:&lt;dir>_*:!CVS:!thumbs.db:!picasa.ini:!*~"><source path="C:\Users\Public\MyApplication22\app\build\generated\res\resValues\debug"/></dataSet><dataSet aapt-namespace="http://schemas.android.com/apk/res-auto" config="generated" generated-set="generated$Generated" ignore_pattern="!.svn:!.git:!.ds_store:!*.scc:.*:&lt;dir>_*:!CVS:!thumbs.db:!picasa.ini:!*~"><source path="C:\Users\Public\MyApplication22\app\build\generated\res\resValues\debug"/></dataSet><mergedItems/></merger>