<?xml version="1.0" encoding="utf-8"?>
<resources>
    <color name="black">#FF000000</color>
    <color name="purple_200">#FFBB86FC</color>
    <color name="purple_500">#FF6200EE</color>
    <color name="purple_700">#FF3700B3</color>
    <color name="teal_200">#FF03DAC5</color>
    <color name="teal_700">#FF018786</color>
    <color name="white">#FFFFFFFF</color>
    <dimen name="activity_horizontal_margin">16dp</dimen>
    <dimen name="activity_vertical_margin">16dp</dimen>
    <dimen name="fab_margin">16dp</dimen>
    <dimen name="nav_header_height">176dp</dimen>
    <dimen name="nav_header_vertical_spacing">8dp</dimen>
    <string name="action_settings">Settings</string>
    <string name="app_name">Boğazlıyan Mobil</string>
    <string name="menu_gallery">Gallery</string>
    <string name="menu_home">Anasayfa</string>
    <string name="menu_slideshow">Slideshow</string>
    <string name="nav_header_desc">Navigation header</string>
    <string name="nav_header_subtitle">android.studio@android.com</string>
    <string name="nav_header_title">Android Studio</string>
    <string name="navigation_drawer_close">Close navigation drawer</string>
    <string name="navigation_drawer_open">Open navigation drawer</string>
    <style name="Theme.MyApplication2" parent="Theme.MaterialComponents.DayNight.DarkActionBar">
        
        <item name="colorPrimary">@color/purple_500</item>
        <item name="colorPrimaryVariant">@color/purple_700</item>
        <item name="colorOnPrimary">@color/white</item>
        
        <item name="colorSecondary">@color/teal_200</item>
        <item name="colorSecondaryVariant">@color/teal_700</item>
        <item name="colorOnSecondary">@color/black</item>
        
        <item name="android:statusBarColor">?attr/colorPrimaryVariant</item>
        
    </style>
    <style name="Theme.MyApplication2.AppBarOverlay" parent="ThemeOverlay.AppCompat.Dark.ActionBar"/>
    <style name="Theme.MyApplication2.NoActionBar">
        <item name="windowActionBar">false</item>
        <item name="windowNoTitle">true</item>
    </style>
    <style name="Theme.MyApplication2.PopupOverlay" parent="ThemeOverlay.AppCompat.Light"/>
</resources>