<?xml version="1.0" encoding="utf-8"?>
<merger version="3"><dataSet config="androidTest" ignore_pattern="!.svn:!.git:!.ds_store:!*.scc:.*:&lt;dir>_*:!CVS:!thumbs.db:!picasa.ini:!*~"><source path="C:\Users\Public\MyApplication22\app\src\androidTest\assets"/></dataSet><dataSet config="androidTestDebug" ignore_pattern="!.svn:!.git:!.ds_store:!*.scc:.*:&lt;dir>_*:!CVS:!thumbs.db:!picasa.ini:!*~"><source path="C:\Users\Public\MyApplication22\app\src\androidTestDebug\assets"/></dataSet><dataSet config="generated" ignore_pattern="!.svn:!.git:!.ds_store:!*.scc:.*:&lt;dir>_*:!CVS:!thumbs.db:!picasa.ini:!*~"><source path="C:\Users\Public\MyApplication22\app\build\intermediates\shader_assets\debugAndroidTest\out"/></dataSet></merger>